outcome,model,term,estimate,std.error,statistic,p.value,L,U,RR,lci,uci
c_stunting,m00,(Intercept),-1.0595029112644136,0.006361980222616155,-166.5366559138293,0,-1.0719723925007414,-1.047033430028086,"0.35 	(0.34, 0.35)",0.34233263676134623,0.3509774052736231
c_stunting,m00,exposure_estimate_centered,-0.16625714124932117,0.010742372708139018,-15.47676158390553,1.3896841548305582e-53,-0.18731219175727365,-0.1452020907413687,"0.85 	(0.83, 0.86)",0.8291848313039011,0.8648474977770803
c_stunting,m00,exposure_gt20_centered,0.01692776200968637,0.001922019619961422,8.807278465776607,1.431771622224771e-18,0.013160603554561981,0.020694920464810754,"1.02 	(1.01, 1.02)",1.0132475854567826,1.0209105452082246
c_stunting,m01,(Intercept),-1.371404685149893,0.03595475101417693,-38.14251653722061,7.48315788254983e-303,-1.44187599713768,-1.3009333731621062,"0.25 	(0.24, 0.27)",0.23648369954206885,0.2722775378485158
c_stunting,m01,exposure_estimate_centered,0.03638602981515545,0.01580671141754238,2.3019354787975708,0.021353507761621763,0.005404875436772386,0.06736718419353852,"1.04 	(1.01, 1.07)",1.00541950812676,1.0696881786647023
c_stunting,m01,exposure_gt20_centered,-0.01064615334013737,0.002426362048527293,-4.387701887522997,1.1539770883601567e-5,-0.015401822955250864,-0.005890483725023876,"0.99 	(0.98, 0.99)",0.9847161785305053,0.994126831159869
c_stunting,m01,"c_age3mo[3,6)",-0.2247557963330047,0.04400022672999397,-5.1080599586954785,3.297888227192213e-7,-0.31099624072379284,-0.1385153519422165,"0.80 	(0.73, 0.87)",0.7327166303483501,0.8706498849997921
c_stunting,m01,"c_age3mo[6,9)",-0.15522622193403018,0.04504782215825681,-3.4458096861754455,5.710320376412029e-4,-0.24351995336421353,-0.06693249050384684,"0.86 	(0.78, 0.94)",0.7838638351556327,0.9352583380247627
c_stunting,m01,"c_age3mo[9,12)",-0.031754964936329955,0.0468531802037863,-0.6777547393413387,0.49793848314256217,-0.1235871981357511,0.06007726826309119,"0.97 	(0.88, 1.06)",0.8837445770046033,1.0619185959808657
c_stunting,m01,"c_age3mo[12,15)",0.19988031311323806,0.04178199742807497,4.7838860135233885,1.737025846957128e-6,0.11798759815421112,0.281773028072265,"1.22 	(1.13, 1.33)",1.1252301563499325,1.325477839581961
c_stunting,m01,"c_age3mo[15,18)",0.39501965046740334,0.040499716651461744,9.753639855481458,2.099551920490256e-22,0.3156402058305383,0.47439909510426836,"1.48 	(1.37, 1.61)",1.3711368398267978,1.6070482241402306
c_stunting,m01,"c_age3mo[18,21)",0.4962253684491842,0.04167777851426913,11.906233636691853,1.5800310386279346e-32,0.41453692256121666,0.5779138143371517,"1.64 	(1.51, 1.78)",1.5136696321143912,1.7823163068532442
c_stunting,m01,"c_age3mo[21,24)",0.5565822936167022,0.041012508864749116,13.571037447433342,1.0953806019863053e-41,0.47619777624179394,0.6369668109916105,"1.74 	(1.61, 1.89)",1.6099413926318713,1.8907372095687707
c_stunting,m01,"c_age3mo[24,27)",0.32202418754062634,0.0424323886217316,7.589112892308466,3.4253106797889054e-14,0.2388567058420324,0.4051916692392203,"1.38 	(1.27, 1.50)",1.2697965691165487,1.4995898977680844
c_stunting,m01,"c_age3mo[27,30)",0.3451287740067108,0.043746447052306174,7.8892983833418935,3.2645282143469574e-15,0.2593857377841907,0.43087181022923093,"1.41 	(1.30, 1.54)",1.2961336761444742,1.5385983047507346
c_stunting,m01,"c_age3mo[30,33)",0.39849230686627973,0.04324656820501566,9.214426101446433,3.571208230994321e-20,0.313729033184449,0.48325558054811046,"1.49 	(1.37, 1.62)",1.36851886310409,1.6213442361108752
c_stunting,m01,"c_age3mo[33,36)",0.5488702128757686,0.04291829668492253,12.788723115113518,3.0718856741695395e-37,0.4647503513733205,0.6329900743782169,"1.73 	(1.59, 1.88)",1.5916167943377568,1.883233176352327
c_stunting,m01,"c_age3mo[36,39)",0.4157271112568188,0.04435977595198791,9.371713502493213,8.218385138885907e-21,0.3287819503909225,0.5026722721227151,"1.52 	(1.39, 1.65)",1.3892748917111948,1.6531329946280233
c_stunting,m01,"c_age3mo[39,42)",0.40842280721495516,0.04393745547192914,9.295549840747816,1.678970183587842e-20,0.32230539448997403,0.4945402199399363,"1.50 	(1.38, 1.64)",1.380306249519199,1.6397441440503642
c_stunting,m01,"c_age3mo[42,45)",0.45321900663260806,0.043421323363498195,10.437705982346985,2.070172628369121e-25,0.3681132128401516,0.5383248004250645,"1.57 	(1.45, 1.71)",1.4450056229044077,1.7131346146843334
c_stunting,m01,"c_age3mo[45,48)",0.49468214465144017,0.0442891047858316,11.169386851316366,7.636864588279759e-29,0.40787549927121025,0.5814887900316701,"1.64 	(1.50, 1.79)",1.5036199477369332,1.788699447317913
c_stunting,m01,"c_age3mo[48,51)",0.27559122295748717,0.04550809430613507,6.055872634515789,1.4325500224626872e-9,0.18639535811746244,0.3647870877975119,"1.32 	(1.20, 1.44)",1.2048985326379709,1.4402073377871167
c_stunting,m01,"c_age3mo[51,54)",0.2682272145609762,0.04567359290885085,5.872697930646,4.385426287123936e-9,0.17870697245962852,0.3577474566623239,"1.31 	(1.20, 1.43)",1.1956703284942156,1.4301044115300476
c_stunting,m01,"c_age3mo[54,57)",0.3289665646842789,0.04555788017452429,7.220848806486723,5.434466542281692e-13,0.23967311954221127,0.4182600098263465,"1.39 	(1.27, 1.52)",1.2708336717268003,1.519315660050875
c_stunting,m01,"c_age3mo[57,60]",0.452572798132997,0.04537093592168411,9.974949578165944,2.350356409968374e-23,0.36364576372649615,0.5414998325394978,"1.57 	(1.44, 1.72)",1.4385645321503846,1.7185825161567565
c_stunting,m02,(Intercept),-1.2896173557213575,0.03880167146271849,-33.236128937395144,3.750815680269763e-233,-1.3656686317882858,-1.2135660796544292,"0.28 	(0.26, 0.30)",0.25520997742360085,0.2971357780029464
c_stunting,m02,exposure_estimate_centered,0.036748416068833736,0.01580815586387017,2.3246491485336955,0.020105046545469477,0.005764430575648204,0.06773240156201926,"1.04 	(1.01, 1.07)",1.0057810768756885,1.0700789187145925
c_stunting,m02,exposure_gt20_centered,-0.010702248914632445,0.0024280711665937175,-4.407716323095411,1.052486396380107e-5,-0.015461268401156133,-0.005943229428108759,"0.99 	(0.98, 0.99)",0.9846576433780239,0.9940743966240643
c_stunting,m02,"c_age3mo[3,6)",-0.22381503614888112,0.044006236728995965,-5.085984460048321,3.704814015021071e-7,-0.31006726013771324,-0.13756281216004904,"0.80 	(0.73, 0.87)",0.733397626140001,0.8714796087613033
c_stunting,m02,"c_age3mo[6,9)",-0.15487769521706105,0.04501818799490211,-3.4403360533880103,5.826975298625844e-4,-0.2431133436870692,-0.0666420467470529,"0.86 	(0.78, 0.94)",0.7841826265840182,0.935530017421914
c_stunting,m02,"c_age3mo[9,12)",-0.03197689233417876,0.04680052739963377,-0.6832592304168988,0.4944544296336021,-0.12370592603746096,0.05975214136910344,"0.97 	(0.88, 1.06)",0.8836396580938524,1.061573393806383
c_stunting,m02,"c_age3mo[12,15)",0.1994957938260325,0.04178081127262935,4.7748185769844635,1.8170175427336513e-6,0.11760540373167896,0.28138618392038606,"1.22 	(1.12, 1.32)",1.1248001818322757,1.3249651853963036
c_stunting,m02,"c_age3mo[15,18)",0.39548256830776246,0.04047748445109616,9.770433456297765,1.7811106423915204e-22,0.316146698783614,0.4748184378319109,"1.49 	(1.37, 1.61)",1.3718314868759403,1.6077222694441153
c_stunting,m02,"c_age3mo[18,21)",0.4955427901058947,0.04168441215127307,11.887963978178844,1.9623377381425794e-32,0.4138413422893995,0.5772442379223899,"1.64 	(1.51, 1.78)",1.512617119476194,1.7811233093366015
c_stunting,m02,"c_age3mo[21,24)",0.5566310516388991,0.04101535637322503,13.571284047217736,1.0917967585680245e-41,0.4762409531473781,0.6370211501304202,"1.74 	(1.61, 1.89)",1.6100109064200612,1.8908399533919342
c_stunting,m02,"c_age3mo[24,27)",0.3216831307119525,0.04243057680955877,7.581398955657931,3.6344141785473005e-14,0.23851920016521727,0.4048470612586877,"1.38 	(1.27, 1.50)",1.2693680778792515,1.4990732161532045
c_stunting,m02,"c_age3mo[27,30)",0.34475992030327124,0.04376275774395489,7.877929501618169,3.5742031476934715e-15,0.2589849151251197,0.4305349254814228,"1.41 	(1.30, 1.54)",1.295614260501624,1.5380800617478436
c_stunting,m02,"c_age3mo[30,33)",0.3983068725032014,0.043253604212093635,9.208640060377569,3.7678289311115594e-20,0.3135298082474979,0.48308393675890493,"1.49 	(1.37, 1.62)",1.368246247176719,1.621065966324906
c_stunting,m02,"c_age3mo[33,36)",0.5487416847399186,0.042913951149767884,12.787023101760852,3.139121023076803e-37,0.4646303404863735,0.6328530289934636,"1.73 	(1.59, 1.88)",1.5914257944558505,1.8829751056211987
c_stunting,m02,"c_age3mo[36,39)",0.416050518942165,0.044359547247461634,9.379052419566174,7.669486571405525e-21,0.3291058063371402,0.5029952315471898,"1.52 	(1.39, 1.65)",1.3897248895091048,1.653666975731022
c_stunting,m02,"c_age3mo[39,42)",0.4079519076093585,0.04394793882082848,9.282617536912008,1.894456990047908e-20,0.3218139475205347,0.4940898676981823,"1.50 	(1.38, 1.64)",1.3796280688545401,1.639005847858339
c_stunting,m02,"c_age3mo[42,45)",0.45308862072644057,0.04342308379855601,10.434280136076094,2.1456484188894646e-25,0.36797937648127077,0.5381978649716104,"1.57 	(1.44, 1.71)",1.4448122415542923,1.712917170966141
c_stunting,m02,"c_age3mo[45,48)",0.4947105601105322,0.044308814485717635,11.165059725757178,8.014705482293659e-29,0.40786528371852565,0.5815558365025388,"1.64 	(1.50, 1.79)",1.5036045875065962,1.7888193773236973
c_stunting,m02,"c_age3mo[48,51)",0.2747268927286353,0.045529752791034994,6.0340080032837395,1.6400296913254015e-9,0.18548857725820672,0.3639652081990639,"1.32 	(1.20, 1.44)",1.2038064489263631,1.4390241470454226
c_stunting,m02,"c_age3mo[51,54)",0.26779546906569357,0.0457030429775608,5.859466933026217,4.748580586614636e-9,0.1782175048296744,0.35737343330171273,"1.31 	(1.20, 1.43)",1.1950852297774437,1.4295696190906897
c_stunting,m02,"c_age3mo[54,57)",0.3282480934093259,0.04558672781513213,7.200518860236482,6.306126546708278e-13,0.23889810689166696,0.4175980799269849,"1.39 	(1.27, 1.52)",1.269849141115593,1.5183103123604746
c_stunting,m02,"c_age3mo[57,60]",0.45181980351197526,0.045379752449161426,9.956418427318336,2.828529905331515e-23,0.3628754887116189,0.5407641183123316,"1.57 	(1.44, 1.72)",1.4374568684915683,1.7173185955482584
c_stunting,m02,c_sex,-0.05533618050304913,0.010413518521826735,-5.313879299015457,1.0897124002446153e-7,-0.07574667680582953,-0.03492568420026873,"0.95 	(0.93, 0.97)",0.9270510203418698,0.9656771786628078
c_stunting,m03,(Intercept),-1.0999868250965608,0.0065021403931199975,-169.17303512247622,0,-1.112731020267076,-1.0872426299260456,"0.33 	(0.33, 0.34)",0.3286601567583411,0.33714484632251496
c_stunting,m03,exposure_estimate_centered,-0.16259561263249997,0.011428056628263121,-14.22775699504141,1.2860139995664322e-45,-0.1849946036238957,-0.14019662164110425,"0.85 	(0.83, 0.87)",0.8311087688155245,0.8691873175594779
c_stunting,m03,exposure_gt20_centered,0.019531438691330817,0.0019207653441068906,10.168570955976126,3.3274755455271896e-24,0.015766738616881312,0.023296138765780322,"1.02 	(1.02, 1.02)",1.0158916894655854,1.0235696133110335
c_stunting,m03,m_age_centered,-0.008764658788931,0.0011280910517846448,-7.769460430578961,8.431336262828552e-15,-0.010975717250428904,-0.006553600327433096,"0.99 	(0.99, 0.99)",0.9890842961700319,0.9934678276754504
c_stunting,m03,m_eduyr_centered,-0.036676354146426525,0.0011189792799377214,-32.77661597850838,4.767225044981748e-227,-0.03886955353510446,-0.03448315475774859,"0.96 	(0.96, 0.97)",0.9618761743095512,0.9661046138156804
c_stunting,m03,m_height_centered,-0.03442336198880591,0.001023269426469862,-33.64056532751276,1.3241635032975121e-238,-0.036428970064686844,-0.03241775391292498,"0.97 	(0.96, 0.97)",0.9642265804156328,0.9681020691641499
c_stunting,m04,(Intercept),-1.3339033750088112,0.01758922291780398,-75.83640171269997,0,-1.368378251927707,-1.2994284980899153,"0.26 	(0.25, 0.27)",0.25451939136446544,0.27268758998917864
c_stunting,m04,exposure_estimate_centered,-0.16817700979654124,0.010728226580380244,-15.676123964803555,6.4879889440393194e-55,-0.18920433389408653,-0.14714968569899595,"0.85 	(0.83, 0.86)",0.8276173791341834,0.8631647643247881
c_stunting,m04,exposure_gt20_centered,0.015914769749951423,0.0019228644205015505,8.276594844789052,1.3818505686129207e-16,0.012145955485768384,0.01968358401413446,"1.02 	(1.01, 1.02)",1.0122200171492464,1.0198785830793915
c_stunting,m04,m_casteOBC,0.2260633221822995,0.01916066826812126,11.798300509091035,5.654486301261964e-32,0.18850841237678181,0.26361823198781714,"1.25 	(1.21, 1.30)",1.2074472404450216,1.3016311802862297
c_stunting,m04,m_casteSchedule Caste,0.3795782944509271,0.020660762165144196,18.371940561384317,1.668936419170595e-74,0.3390832006072445,0.4200733882946097,"1.46 	(1.40, 1.52)",1.4036601257293793,1.5220732538802846
c_stunting,m04,m_casteSchedule Tribe,0.4637648563248555,0.022386587572633915,20.716192444255174,6.414605063062105e-94,0.419887144682493,0.507642567967218,"1.59 	(1.52, 1.66)",1.5217898038557731,1.6613700079209555
c_stunting,m04,hh_religionMuslim,0.21642002902676552,0.019667914198222267,11.003710248356034,4.784644397958967e-28,0.17787091719824988,0.25496914085528116,"1.24 	(1.19, 1.29)",1.194671099788616,1.2904217989454159
c_stunting,m04,hh_religionOther,-0.27020701684590487,0.030442686176304575,-8.875925576377806,7.771325968991935e-19,-0.32987468175146184,-0.2105393519403479,"0.76 	(0.72, 0.81)",0.7190138333404958,0.8101471736628015
c_underweight,m00,(Intercept),-1.2770729518805726,0.007435294656757216,-171.7582168340787,0,-1.2916461294078168,-1.2624997743533284,"0.28 	(0.27, 0.28)",0.2748180245104398,0.2829458409599129
c_underweight,m00,exposure_estimate_centered,-0.08116669177665259,0.0149843190970661,-5.416775447110231,6.169088814331922e-8,-0.11053595720690214,-0.05179742634640304,"0.92 	(0.90, 0.95)",0.8953541351767789,0.9495211953395964
c_underweight,m00,exposure_gt20_centered,0.012578295972529532,0.0023901082114254945,5.262647068614378,1.4410233385153058e-7,0.007893683878135563,0.017262908066923502,"1.01 	(1.01, 1.02)",1.0079249211389785,1.0174127731916682
c_underweight,m01,(Intercept),-1.3740637164639298,0.03924130059986043,-35.015753694688115,1.643219045807633e-257,-1.450976665639656,-1.2971507672882034,"0.25 	(0.23, 0.27)",0.23434130319237675,0.27330940680896815
c_underweight,m01,exposure_estimate_centered,0.037791936731582744,0.01971511750260963,1.9169014197648249,0.055270916158907966,-8.496935735321301e-4,0.07643356703669762,"1.04 	(1.00, 1.08)",0.9991506673138305,1.0794304781898216
c_underweight,m01,exposure_gt20_centered,-0.003686853413417316,0.0029519898453632763,-1.2489383793810465,0.21170862582883393,-0.009472753510329337,0.002099046683494705,"1.00 	(0.99, 1.00)",0.9905719716842123,1.0021012512241925
c_underweight,m01,"c_age3mo[3,6)",-0.04747700461915692,0.04911330058135181,-0.9666832417527201,0.333719209907712,-0.14373907375860648,0.04878506452029263,"0.95 	(0.87, 1.05)",0.8661137103732415,1.049994645382057
c_underweight,m01,"c_age3mo[6,9)",-0.232943641161931,0.05211242497090402,-4.470021137799491,7.882997213392074e-6,-0.33508399410490286,-0.13080328821895912,"0.79 	(0.72, 0.88)",0.7152780046935817,0.8773903504351187
c_underweight,m01,"c_age3mo[9,12)",-0.09680877489942569,0.053572721287628446,-1.807053525985094,0.07077552700153268,-0.20181130862317742,0.008193758824326061,"0.91 	(0.82, 1.01)",0.8172491212562016,1.008227419539279
c_underweight,m01,"c_age3mo[12,15)",-0.05092972169859662,0.04833054250882605,-1.0537792264445598,0.2920023061921029,-0.14565758501589568,0.043798141618702435,"0.95 	(0.86, 1.04)",0.8644536543970156,1.0447714377302157
c_underweight,m01,"c_age3mo[15,18)",-0.041479415411165205,0.04786726298505032,-0.8665508078897234,0.3862031200241195,-0.13529925086186384,0.05234042003953342,"0.96 	(0.87, 1.05)",0.8734544905656366,1.0537343937678483
c_underweight,m01,"c_age3mo[18,21)",0.07628449952518085,0.049359408046794166,1.5454905669221337,0.12225039290711792,-0.02045994024653572,0.17302893929689742,"1.08 	(0.98, 1.19)",0.9797479441494863,1.1889005105310508
c_underweight,m01,"c_age3mo[21,24)",0.19764709917807566,0.04667426969654624,4.234605071768288,2.304247908414762e-5,0.10616553057284503,0.28912866778330626,"1.22 	(1.11, 1.34)",1.112005932251657,1.3352635228736904
c_underweight,m01,"c_age3mo[24,27)",0.03273196733283993,0.04766177306710741,0.6867551336529921,0.4922484929209713,-0.06068510787869059,0.12614904254437045,"1.03 	(0.94, 1.13)",0.941119544251284,1.1344512371823363
c_underweight,m01,"c_age3mo[27,30)",0.09095126503321407,0.04869804995341562,1.867657228990026,0.061830872134396614,-0.004496912875480541,0.1863994429419087,"1.10 	(1.00, 1.20)",0.9955131830979838,1.2049034544470045
c_underweight,m01,"c_age3mo[30,33)",0.14181554518548034,0.04752874251070369,2.9837849203256916,0.0028520106145607815,0.048659209864501105,0.23497188050645956,"1.15 	(1.05, 1.26)",1.0498625069826704,1.2648732006390209
c_underweight,m01,"c_age3mo[33,36)",0.2907924362485857,0.04727904607280722,6.150556333154032,7.932559285393053e-10,0.19812550594588355,0.3834593665512879,"1.34 	(1.22, 1.47)",1.2191153904506682,1.4673519276680784
c_underweight,m01,"c_age3mo[36,39)",0.11622115659170112,0.04898444101742078,2.3726137152482427,0.01767624045055412,0.0202116521975564,0.21223066098584586,"1.12 	(1.02, 1.24)",1.0204172907347373,1.2364330490551647
c_underweight,m01,"c_age3mo[39,42)",0.10974330816899333,0.048164549133407085,2.2785079512531974,0.02271141868536679,0.015340791867515441,0.20414582447047122,"1.12 	(1.02, 1.23)",1.0154590658466027,1.22647699077419
c_underweight,m01,"c_age3mo[42,45)",0.22897840270338946,0.04766551428666902,4.803858851207855,1.572595582742849e-6,0.1355539947015182,0.3224028107052607,"1.26 	(1.15, 1.38)",1.145171027332942,1.3804407202796736
c_underweight,m01,"c_age3mo[45,48)",0.2608754520885759,0.04773372156017839,5.465223401022431,4.702818424632735e-8,0.16731735783062623,0.3544335463465255,"1.30 	(1.18, 1.43)",1.182129363795406,1.4253730178052595
c_underweight,m01,"c_age3mo[48,51)",0.12177282463976247,0.04865865147844259,2.502593494472651,0.012340083429685475,0.026401867742015,0.21714378153750993,"1.13 	(1.03, 1.24)",1.0267534846798876,1.242522741125072
c_underweight,m01,"c_age3mo[51,54)",0.12192296968475005,0.04902167692334708,2.4871236019811263,0.01288969206332546,0.025840482914989776,0.21800545645451033,"1.13 	(1.03, 1.24)",1.026177242614403,1.2435938532138386
c_underweight,m01,"c_age3mo[54,57)",0.19159770730618605,0.04840101490021569,3.958547309414626,7.578195729723985e-5,0.0967317181017633,0.2864636965106088,"1.21 	(1.10, 1.33)",1.1015648040781356,1.3317098213032699
c_underweight,m01,"c_age3mo[57,60]",0.3153983127574057,0.046386190429438354,6.799401068237812,1.0933850130286999e-11,0.22448137951570654,0.40631524599910485,"1.37 	(1.25, 1.50)",1.2516734043660616,1.5012757490408746
c_underweight,m02,(Intercept),-1.3156717500803594,0.043590620251372336,-30.182450777101273,6.695046485446642e-194,-1.4011093657730491,-1.2302341343876697,"0.27 	(0.25, 0.29)",0.2463235493964817,0.29222414994811896
c_underweight,m02,exposure_estimate_centered,0.03807049187341731,0.019726839299107637,1.9298830033628076,0.053641642051869054,-5.941131528336627e-4,0.07673509689966829,"1.04 	(1.00, 1.08)",0.99940606329744,1.079756007789978
c_underweight,m02,exposure_gt20_centered,-0.0037287414730679384,0.002954975268901201,-1.2618520067866625,0.20702319932898397,-0.009520493000114292,0.0020630100539784156,"1.00 	(0.99, 1.00)",0.9905246834124568,1.0020651395233402
c_underweight,m02,"c_age3mo[3,6)",-0.04680018345693239,0.049106383782632324,-0.9530366492489398,0.34058805981861673,-0.14304869567089173,0.04944832875702697,"0.95 	(0.87, 1.05)",0.8667118627522425,1.050691300286704
c_underweight,m02,"c_age3mo[6,9)",-0.23268797700535476,0.05207130141517125,-4.46864147200976,7.933935566402918e-6,-0.3347477277790904,-0.13062822623161913,"0.79 	(0.72, 0.88)",0.7155185690447329,0.8775439615788826
c_underweight,m02,"c_age3mo[9,12)",-0.0969435888484551,0.053485791086624226,-1.812511077782279,0.06992881018465778,-0.20177573937823856,0.007888561681328385,"0.91 	(0.82, 1.01)",0.8172781907073579,1.007919758362388
c_underweight,m02,"c_age3mo[12,15)",-0.05117832467210129,0.048309033206519476,-1.0593945122709387,0.28943854043706013,-0.14586402975687945,0.04350738041267688,"0.95 	(0.86, 1.04)",0.8642752109062349,1.0444677028862548
c_underweight,m02,"c_age3mo[15,18)",-0.04113816056041118,0.047830932133515094,-0.8600744063606844,0.38976284909308856,-0.13488678754210076,0.052610466421278396,"0.96 	(0.87, 1.05)",0.8738148328133485,1.0540189893534802
c_underweight,m02,"c_age3mo[18,21)",0.07580947182944138,0.04938069018350789,1.5352047844556078,0.12475627394275918,-0.020976680930234082,0.17259562458911684,"1.08 	(0.98, 1.19)",0.9792417993110519,1.1883854540525827
c_underweight,m02,"c_age3mo[21,24)",0.19771241431022127,0.046658798735577774,4.237409013264281,2.2757061180165405e-5,0.10626116878848883,0.2891636598319537,"1.22 	(1.11, 1.34)",1.1121122876005396,1.3353102472973268
c_underweight,m02,"c_age3mo[24,27)",0.032508550897647266,0.047637891197589904,0.682409529061856,0.4949913937963262,-0.06086171584962894,0.12587881764492348,"1.03 	(0.94, 1.13)",0.9409533497142353,1.1341447216267742
c_underweight,m02,"c_age3mo[27,30)",0.09073139533573954,0.048704376041234385,1.8629002711978897,0.06249735802030391,-0.004729181705079855,0.18619197237655893,"1.09 	(1.00, 1.20)",0.9952819832673914,1.2046534983762789
c_underweight,m02,"c_age3mo[30,33)",0.14169453999225476,0.04750887715507815,2.98248555800922,0.0028641372498191685,0.048577140768301594,0.2348119392162079,"1.15 	(1.05, 1.26)",1.0497763492510803,1.2646709113649408
c_underweight,m02,"c_age3mo[33,36)",0.2907452422091657,0.04727312347419014,6.1503285766151,7.943943798655234e-10,0.19808992019975302,0.3834005642185784,"1.34 	(1.22, 1.47)",1.2190720080917812,1.467265646488618
c_underweight,m02,"c_age3mo[36,39)",0.11649092284743674,0.04896912293614739,2.3788648001585297,0.01737945595858912,0.020511441892587856,0.21247040380228563,"1.12 	(1.02, 1.24)",1.020723247182135,1.2367295105325191
c_underweight,m02,"c_age3mo[39,42)",0.1094366132975603,0.04815601942988069,2.272542759829006,0.023068936121546264,0.015050815214994157,0.20382241138012644,"1.12 	(1.02, 1.23)",1.0151646491149684,1.2260803961957627
c_underweight,m02,"c_age3mo[42,45)",0.2289206046064736,0.047656752315832517,4.803529268829795,1.5751844388381608e-6,0.13551337006744185,0.32232783914550533,"1.26 	(1.15, 1.38)",1.1451245061239619,1.3803372303651729
c_underweight,m02,"c_age3mo[45,48)",0.26093453707194725,0.047722649416763435,5.4677294798366605,4.6369750267721416e-8,0.16739814421509092,0.3544709299288036,"1.30 	(1.18, 1.43)",1.1822248676103286,1.4254263043507625
c_underweight,m02,"c_age3mo[48,51)",0.1211929743588823,0.048638271230764404,2.491720435207944,0.012724159258692443,0.02586196274658406,0.21652398597118053,"1.13 	(1.03, 1.24)",1.0261992849654922,1.2417528696451696
c_underweight,m02,"c_age3mo[51,54)",0.12164300526242919,0.049026029474584044,2.4811922679867653,0.0131060964043314,0.025551987492244466,0.2177340230326139,"1.13 	(1.03, 1.24)",1.025881237877042,1.243256346086241
c_underweight,m02,"c_age3mo[54,57)",0.19112943847147415,0.048392907098182364,3.9495341349032733,7.868947780231947e-5,0.09627934055903672,0.2859795363839116,"1.21 	(1.10, 1.33)",1.1010665935970256,1.3310652165660113
c_underweight,m02,"c_age3mo[57,60]",0.3148848945164101,0.046376904089502784,6.789691996445338,1.1692937731970846e-11,0.22398616250098466,0.40578362653183553,"1.37 	(1.25, 1.50)",1.2510537078541375,1.5004778537340757
c_underweight,m02,c_sex,-0.03947174405040099,0.011998511724662595,-3.289720004962612,0.0010053637972021467,-0.06298882703073969,-0.015954661070062305,"0.96 	(0.94, 0.98)",0.9389539645343088,0.9841719403464093
c_underweight,m03,(Intercept),-1.319842763708691,0.007955633166162566,-165.90040492595043,0,-1.3354358047143695,-1.3042497227030123,"0.27 	(0.26, 0.27)",0.263043514869167,0.27137606598498515
c_underweight,m03,exposure_estimate_centered,-0.07279977433010226,0.015892733456026542,-4.580695607305772,4.674505124242266e-6,-0.10394953190391429,-0.04165001675629024,"0.93 	(0.90, 0.96)",0.9012707816938526,0.9592054276605868
c_underweight,m03,exposure_gt20_centered,0.014937385586051528,0.002419461362982878,6.17384754085748,6.849785736991924e-10,0.010195241314605086,0.01967952985749797,"1.02 	(1.01, 1.02)",1.010247389858997,1.019874448340247
c_underweight,m03,m_age_centered,-0.006765104740159368,0.001312663042334612,-5.153725306478819,2.588546388955494e-7,-0.009337924303135207,-0.004192285177183529,"0.99 	(0.99, 1.00)",0.9907055387219897,0.9958164901830994
c_underweight,m03,m_eduyr_centered,-0.040385372639983916,0.001292231493595946,-31.252428717397894,2.730277765899832e-207,-0.04291814636743197,-0.03785259891253586,"0.96 	(0.96, 0.96)",0.9579898018030849,0.9628548562845874
c_underweight,m03,m_height_centered,-0.033738320261345774,0.0011379001735130167,-29.649631001624794,2.1396916648865114e-187,-0.03596860460143129,-0.03150803592126026,"0.97 	(0.96, 0.97)",0.9646705792250263,0.9689831697499984
c_underweight,m04,(Intercept),-1.6121500994828344,0.020115437445717834,-80.14491873881809,0,-1.6515763568764414,-1.5727238420892273,"0.20 	(0.19, 0.21)",0.19174740791385492,0.20747927120904666
c_underweight,m04,exposure_estimate_centered,-0.08339816803891809,0.014926197224033304,-5.587368757571765,2.3485787027483355e-8,-0.11265351459802336,-0.05414282147981281,"0.92 	(0.89, 0.95)",0.8934601774000253,0.9472968025087138
c_underweight,m04,exposure_gt20_centered,0.010980901929924675,0.0023865235241907414,4.6012125246694335,4.237445570529349e-6,0.006303315822510822,0.015658488037338526,"1.01 	(1.01, 1.02)",1.0063232235238857,1.0157817245534382
c_underweight,m04,m_casteOBC,0.278403695553965,0.022131780071263672,12.579363009098834,4.308318652196848e-36,0.2350254066142882,0.3217819844936418,"1.32 	(1.26, 1.38)",1.264940906190339,1.379583972470204
c_underweight,m04,m_casteSchedule Caste,0.43129101515207197,0.023547187101645457,18.316031264810128,4.5564698889176925e-74,0.38513852843284685,0.4774435018712971,"1.54 	(1.47, 1.61)",1.4698179189116765,1.6119481875851065
c_underweight,m04,m_casteSchedule Tribe,0.6402108198208887,0.024747871151763752,25.86932895742273,3.651222825922292e-144,0.5917049923634318,0.6887166472783456,"1.90 	(1.81, 1.99)",1.8070668254569062,1.9911585341041391
c_underweight,m04,hh_religionMuslim,0.20490717950839177,0.02295626159162553,8.925982076417101,4.962711771137943e-19,0.15991290678880574,0.2499014522279778,"1.23 	(1.17, 1.28)",1.1734086706122284,1.2838988850785136
c_underweight,m04,hh_religionOther,-0.24882294458651164,0.03492555078217878,-7.124381405989932,1.096830107163003e-12,-0.31727702411958203,-0.18036886505344124,"0.78 	(0.73, 0.83)",0.7281290178838296,0.8349621662371445
c_wasting,m00,(Intercept),-1.8041003493288987,0.010288097033906367,-175.35802232260693,0,-1.8242650195153551,-1.7839356791424423,"0.16 	(0.16, 0.17)",0.16133617950725113,0.16797574598425544
c_wasting,m00,exposure_estimate_centered,0.2651640437418541,0.011917259426200994,22.25042136440119,8.352779503948809e-108,0.24180621526650015,0.28852187221720804,"1.30 	(1.27, 1.33)",1.2735473748635542,1.3344535366613124
c_wasting,m00,exposure_gt20_centered,-0.049716560381055486,0.0029742420982483025,-16.7157073092121,4.053453493417986e-62,-0.055546074893622156,-0.043887045868488815,"0.95 	(0.95, 0.96)",0.9459684372712058,0.9570620554811526
c_wasting,m01,(Intercept),-1.3726347453179601,0.03717553838072007,-36.92306298998576,8.636940911493263e-285,-1.4454988005441716,-1.2997706900917487,"0.25 	(0.24, 0.27)",0.2356285156067613,0.27259429444029076
c_wasting,m01,exposure_estimate_centered,0.05948579499056308,0.01764140660082719,3.371941724180534,7.484352645929546e-4,0.024908638052941787,0.09406295192818437,"1.06 	(1.03, 1.10)",1.0252214500176946,1.0986289045482167
c_wasting,m01,exposure_gt20_centered,-0.0189657559950325,0.003719776030434781,-5.098628476514946,3.4661647980683033e-7,-0.026256517014684674,-0.01167499497538033,"0.98 	(0.97, 0.99)",0.9740851881336209,0.9883928933231
c_wasting,m01,"c_age3mo[3,6)",-0.0535501271749831,0.04101563820615345,-1.305602680271086,0.19170929658297395,-0.13394077805904386,0.026840523709077663,"0.95 	(0.87, 1.03)",0.8746418610582289,1.0272039750205593
c_wasting,m01,"c_age3mo[6,9)",-0.220562502536509,0.0468945084462448,-4.703375935571217,2.5835408401830182e-6,-0.3124757390911488,-0.1286492659818692,"0.80 	(0.73, 0.88)",0.7316333788220429,0.8792823056858786
c_wasting,m01,"c_age3mo[9,12)",-0.23155949039546705,0.04960056523524337,-4.668484911356089,3.0626290045562502e-6,-0.32877659825654404,-0.13434238253439004,"0.79 	(0.72, 0.87)",0.7198038042111138,0.8742906714968728
c_wasting,m01,"c_age3mo[12,15)",-0.32046993713073146,0.0487052894212534,-6.579776877188391,4.880093581353921e-11,-0.4159323043963881,-0.2250075698650748,"0.73 	(0.66, 0.80)",0.6597249294500811,0.7985101741222196
c_wasting,m01,"c_age3mo[15,18)",-0.4139546643657985,0.049701767378534864,-8.328771514563417,8.925762917497439e-17,-0.5113701284277268,-0.31653920030387017,"0.66 	(0.60, 0.73)",0.5996733861324147,0.7286664470537749
c_wasting,m01,"c_age3mo[18,21)",-0.44071663144586015,0.05354418319288891,-8.23089652629888,2.0222538353787558e-16,-0.5456632305039224,-0.3357700323877979,"0.64 	(0.58, 0.71)",0.5794573420823632,0.7147874648832331
c_wasting,m01,"c_age3mo[21,24)",-0.4439072253514769,0.05486878765055162,-8.090341419216944,6.439330241822279e-16,-0.5514500491465582,-0.33636440155639574,"0.64 	(0.58, 0.71)",0.5761138110668672,0.714362743485162
c_wasting,m01,"c_age3mo[24,27)",-0.37263574635283675,0.05226857814268295,-7.129249725056885,1.0589172969930999e-12,-0.47508215951249533,-0.27018933319317817,"0.69 	(0.62, 0.76)",0.6218339647908151,0.7632349749411746
c_wasting,m01,"c_age3mo[27,30)",-0.4299723409451219,0.053659879306081806,-8.012920388667158,1.208776641055414e-15,-0.5351457043850423,-0.32479897750520154,"0.65 	(0.59, 0.72)",0.5855839617775447,0.7226726124929206
c_wasting,m01,"c_age3mo[30,33)",-0.4854338194041058,0.05541749938130655,-8.759576394164268,2.1836731713997492e-18,-0.5940521181914666,-0.37681552061674495,"0.62 	(0.55, 0.69)",0.5520856298525382,0.6860426229427834
c_wasting,m01,"c_age3mo[33,36)",-0.4920741429101051,0.05707367413717977,-8.621735858942204,7.299790537298975e-18,-0.6039385442189774,-0.3802097416012328,"0.61 	(0.55, 0.68)",0.5466543682334623,0.6837179900663728
c_wasting,m01,"c_age3mo[36,39)",-0.6077558335474013,0.057651339037650025,-10.541920512036983,6.930419323150482e-26,-0.7207524580611953,-0.4947592090336072,"0.54 	(0.49, 0.61)",0.48638613306450634,0.6097177041371294
c_wasting,m01,"c_age3mo[39,42)",-0.6550774264461272,0.05869101107125445,-11.161460920324297,8.34272735185617e-29,-0.770111808145786,-0.5400430447464685,"0.52 	(0.46, 0.58)",0.4629613025725551,0.5827231686630762
c_wasting,m01,"c_age3mo[42,45)",-0.5924379914301703,0.05882647798678891,-10.070941040584113,8.958523922743724e-24,-0.7077378882842765,-0.47713809457606404,"0.55 	(0.49, 0.62)",0.492757610417464,0.6205568278440561
c_wasting,m01,"c_age3mo[45,48)",-0.5692287429029503,0.05916325879650207,-9.621321652697823,7.600818299117617e-22,-0.6851887301440944,-0.4532687556618063,"0.57 	(0.50, 0.64)",0.5039951015302084,0.6355473037354678
c_wasting,m01,"c_age3mo[48,51)",-0.5944604970766972,0.0582362065139143,-10.207747596586044,2.2311305931245686e-24,-0.7086034618439693,-0.4803175323094252,"0.55 	(0.49, 0.62)",0.49233127699663565,0.6185869392783697
c_wasting,m01,"c_age3mo[51,54)",-0.6781451354413506,0.060009054751332204,-11.300713504844795,1.749598047198071e-29,-0.7957628827539617,-0.5605273881287395,"0.51 	(0.45, 0.57)",0.4512368627609504,0.5709078943930911
c_wasting,m01,"c_age3mo[54,57)",-0.5491328910314637,0.055680980537403474,-9.862126811193383,7.219758619909491e-23,-0.6582676128847744,-0.4399981691781529,"0.58 	(0.52, 0.64)",0.5177474971102188,0.6440376002001708
c_wasting,m01,"c_age3mo[57,60]",-0.5705157615199424,0.06298567355757458,-9.057865531888607,1.5050032045132403e-19,-0.6939676816927886,-0.44706384134709626,"0.57 	(0.50, 0.64)",0.4995899176930834,0.6395030802334418
c_wasting,m02,(Intercept),-1.2315033360790733,0.04508888100256888,-27.312794389572673,4.794657071444872e-160,-1.3198775428441083,-1.1431291293140382,"0.29 	(0.27, 0.32)",0.2671680165981969,0.3188198308541105
c_wasting,m02,exposure_estimate_centered,0.06022416069182372,0.017659188743811963,3.4103582880004693,6.50619019223532e-4,0.025612150753952276,0.09483617062969517,"1.06 	(1.03, 1.10)",1.025942960095124,1.099478713464968
c_wasting,m02,exposure_gt20_centered,-0.01908100786065033,0.0037204055786459645,-5.128744019246104,2.9560129080985757e-7,-0.02637300279479642,-0.01178901292650424,"0.98 	(0.97, 0.99)",0.9739717276689794,0.9882802052148535
c_wasting,m02,"c_age3mo[3,6)",-0.05190404111422823,0.041013997731346806,-1.2655201634869702,0.20570611894339294,-0.13229147666766797,0.028483394439211503,"0.95 	(0.88, 1.03)",0.8760855993491431,1.0288929253486505
c_wasting,m02,"c_age3mo[6,9)",-0.21989596527511432,0.046856200948616894,-4.6929960351726985,2.717986168845129e-6,-0.3117341191344034,-0.12805781141582523,"0.80 	(0.73, 0.88)",0.7321761739857833,0.8798025150453538
c_wasting,m02,"c_age3mo[9,12)",-0.23186544801206951,0.04951170108693058,-4.683043460877457,2.8531835246740133e-6,-0.32890838214245344,-0.1348225138816856,"0.79 	(0.72, 0.87)",0.7197089519188415,0.8738709978961269
c_wasting,m02,"c_age3mo[12,15)",-0.321044273589446,0.04870228666622283,-6.591975358153034,4.4965453510711475e-11,-0.41650075545524273,-0.22558779172364923,"0.73 	(0.66, 0.80)",0.6593500146858255,0.7980469954510888
c_wasting,m02,"c_age3mo[15,18)",-0.41302373192616004,0.04967020916111871,-8.315320972102338,9.993094917819833e-17,-0.5103773418819527,-0.31567012197036737,"0.66 	(0.60, 0.73)",0.6002690294264266,0.7292999905348401
c_wasting,m02,"c_age3mo[18,21)",-0.44175789139096605,0.05360125366339143,-8.241558941235693,1.850718770609953e-16,-0.5468163485712132,-0.33669943421071885,"0.64 	(0.58, 0.71)",0.5787895444507375,0.7141234487270799
c_wasting,m02,"c_age3mo[21,24)",-0.4437005270764817,0.0548495353340665,-8.089412688258523,6.488421875584171e-16,-0.5512056163312521,-0.33619543782171135,"0.64 	(0.58, 0.71)",0.5762546493996968,0.7144834550798744
c_wasting,m02,"c_age3mo[24,27)",-0.37307627937630633,0.05225219884856989,-7.139915402555681,9.801955988719198e-13,-0.4754905891195033,-0.27066196963310934,"0.69 	(0.62, 0.76)",0.6215800412474277,0.7628743275140591
c_wasting,m02,"c_age3mo[27,30)",-0.4304968533980525,0.05366131584125982,-8.022480378072398,1.1186977657766324e-15,-0.5356730324469218,-0.3253206743491832,"0.65 	(0.59, 0.72)",0.5852752483256998,0.7222956947986855
c_wasting,m02,"c_age3mo[30,33)",-0.48557241257216754,0.055385516882700526,-8.767136968326,2.042729673258557e-18,-0.5941280256622605,-0.3770167994820745,"0.62 	(0.55, 0.69)",0.5520437240192175,0.685904550958022
c_wasting,m02,"c_age3mo[33,36)",-0.49217329743984767,0.05705001468083029,-8.62704944412969,6.970402056583403e-18,-0.6039913262142751,-0.3803552686654203,"0.61 	(0.55, 0.68)",0.5466255154866282,0.6836184978341281
c_wasting,m02,"c_age3mo[36,39)",-0.6070595072929291,0.0576451072924997,-10.530980612328822,7.778034813092702e-26,-0.7200439175862285,-0.4940750969996297,"0.54 	(0.49, 0.61)",0.4867308794452045,0.6101349620651703
c_wasting,m02,"c_age3mo[39,42)",-0.6557308574953961,0.05865817937763465,-11.17884776603576,6.871649729139443e-29,-0.77070088907556,-0.5407608259152321,"0.52 	(0.46, 0.58)",0.46268866120978425,0.5823050510224435
c_wasting,m02,"c_age3mo[42,45)",-0.5925107507465553,0.058878805936988486,-10.063226339553395,9.683932936738906e-24,-0.7079132103830528,-0.4771082911100579,"0.55 	(0.49, 0.62)",0.49267122669172697,0.6205753228639861
c_wasting,m02,"c_age3mo[45,48)",-0.5690329736052366,0.059158010485268746,-9.618865964854153,7.783322416541385e-22,-0.6849826741563634,-0.4530832730541099,"0.57 	(0.50, 0.64)",0.5040989634389824,0.6356651976399754
c_wasting,m02,"c_age3mo[48,51)",-0.5958021981040375,0.05825281026322142,-10.227870473747839,1.815795617872898e-24,-0.7099777062199515,-0.48162668998812347,"0.55 	(0.49, 0.62)",0.491655158190743,0.6177776413017888
c_wasting,m02,"c_age3mo[51,54)",-0.6787135834305739,0.05997223535838703,-11.317129991481247,1.453579348105464e-29,-0.7962591647330124,-0.5611680021281353,"0.51 	(0.45, 0.57)",0.4510129775973599,0.5705422799249541
c_wasting,m02,"c_age3mo[54,57)",-0.5502354134166869,0.0556725579839505,-9.883422521654401,5.847119045050571e-23,-0.6593536270652299,-0.44111719976814395,"0.58 	(0.52, 0.64)",0.5171855211986005,0.6433173055154998
c_wasting,m02,"c_age3mo[57,60]",-0.5716234057826077,0.06291630264095487,-9.08545769201819,1.1700133659831133e-19,-0.6949393589588793,-0.4483074526063362,"0.56 	(0.50, 0.64)",0.49910471329690925,0.6387082813154208
c_wasting,m02,c_sex,-0.0959015827022192,0.017087169385494805,-5.612490901133659,2.0324404009209435e-8,-0.12939243469778902,-0.06241073070664938,"0.91 	(0.88, 0.94)",0.8786290933373863,0.9394969272969634
c_wasting,m03,(Intercept),-1.807023969086703,0.010394573227762213,-173.84301687927274,0,-1.8273973326131168,-1.786650605560289,"0.16 	(0.16, 0.17)",0.16083161471902505,0.16752032269402334
c_wasting,m03,exposure_estimate_centered,0.2676732284483583,0.01209769015068205,22.125978192065638,1.2100173878585303e-106,0.24396175575302145,0.2913847011436951,"1.31 	(1.28, 1.34)",1.2762955185950429,1.3382793225193854
c_wasting,m03,exposure_gt20_centered,-0.04839324640334596,0.003003087136866818,-16.114499579201564,6.73103683980195e-58,-0.054279297191604924,-0.042507195615087,"0.95 	(0.95, 0.96)",0.9471675283249068,0.9583835693368652
c_wasting,m03,m_age_centered,-0.00424791238183048,0.0019450654433703812,-2.183943165670436,0.02898304616818,-0.008060240650836426,-4.3558411282453285e-4,"1.00 	(0.99, 1.00)",0.9919721559888344,0.9995645107401625
c_wasting,m03,m_eduyr_centered,-0.01819687483896733,0.0018393764904063674,-9.89295825725551,5.318358813762704e-23,-0.021802052760163813,-0.014591696917770852,"0.98 	(0.98, 0.99)",0.978433894172147,0.9855142459702191
c_wasting,m03,m_height_centered,-0.009845875652983765,0.0014522255994215685,-6.77985270119563,1.251418098664309e-11,-0.012692237827850039,-0.006999513478117491,"0.99 	(0.99, 0.99)",0.98738796892967,0.993024926061474
c_wasting,m04,(Intercept),-2.035815860215666,0.026518461775974476,-76.76975676093323,0,-2.087792045296576,-1.9838396751347562,"0.13 	(0.12, 0.14)",0.12396053312410145,0.13754011277675193
c_wasting,m04,exposure_estimate_centered,0.26436050725576143,0.011891769000002135,22.230545115341037,1.2830980397585633e-107,0.24105264001575724,0.2876683744957656,"1.30 	(1.27, 1.33)",1.2725880225986697,1.3333150695170684
c_wasting,m04,exposure_gt20_centered,-0.05163354225260095,0.0029742910334679675,-17.35994953809117,8.363728814609034e-67,-0.05746315267819817,-0.045803931827003735,"0.95 	(0.94, 0.96)",0.9441566793904743,0.9552292338817854
c_wasting,m04,m_casteOBC,0.19591450429497412,0.028643652697875065,6.83971790753866,8.265858715823013e-12,0.139772945007139,0.25205606358280924,"1.22 	(1.15, 1.29)",1.150012653096386,1.2866681704903231
c_wasting,m04,m_casteSchedule Caste,0.2385044496544315,0.03209429443847066,7.431366036467278,1.137368113304691e-13,0.175599632555029,0.30140926675383395,"1.27 	(1.19, 1.35)",1.1919607408294755,1.3517624597777096
c_wasting,m04,m_casteSchedule Tribe,0.49479333619508564,0.03439612898797927,14.385145967094308,1.383249366979367e-46,0.4273769233786463,0.562209749011525,"1.64 	(1.53, 1.75)",1.5332304632301743,1.7545453245319842
c_wasting,m04,hh_religionMuslim,0.21841180100595314,0.03175267942659667,6.878531353892835,6.305248578418866e-12,0.15617654932982367,0.2806470526820826,"1.24 	(1.17, 1.32)",1.169032576789738,1.3239862240731286
c_wasting,m04,hh_religionOther,-0.12903795779591998,0.042426136686226704,-3.041473202008777,0.002358613846939584,-0.21219318570092432,-0.045882729890915644,"0.88 	(0.81, 0.96)",0.8088084322489759,0.9551539666330591
