phase,c_age,variable,estimate,lci,uci,type
1,0,c_stunting,27.20501396137359,22.39614155201634,32.013886370730845,Proportion
1,0,c_underweight,17.93847769635747,13.69854582044973,22.178409572265213,Proportion
1,0,c_wasting,26.921206643455964,22.18006569778181,31.662347589130114,Proportion
1,0,c_overweight,9.148164354806397,6.1909588024421245,12.105369907170669,Proportion
1,1,c_stunting,27.782733071865202,23.6597747794749,31.9056913642555,Proportion
1,1,c_underweight,25.49241529804104,21.462940831049142,29.521889765032938,Proportion
1,1,c_wasting,25.614912752886514,21.77395640899804,29.45586909677499,Proportion
1,1,c_overweight,13.151928855915324,10.206218051906376,16.097639659924273,Proportion
1,2,c_stunting,24.26259182780181,20.725126444780823,27.8000572108228,Proportion
1,2,c_underweight,27.754790239030886,24.103460491194532,31.406119986867235,Proportion
1,2,c_wasting,27.210014454907522,23.711078376598948,30.708950533216097,Proportion
1,2,c_overweight,8.561538460198543,6.292030200625992,10.831046719771093,Proportion
1,3,c_stunting,23.62845876917083,19.919366320305702,27.337551218035962,Proportion
1,3,c_underweight,27.20275254483886,23.223393376106813,31.182111713570904,Proportion
1,3,c_wasting,24.106919235584964,20.233334376125576,27.98050409504435,Proportion
1,3,c_overweight,6.163785266033958,4.27472937875214,8.052841153315777,Proportion
1,4,c_stunting,20.54009237764694,17.380679879173975,23.699504876119903,Proportion
1,4,c_underweight,26.184354816810163,22.825254028330104,29.54345560529022,Proportion
1,4,c_wasting,27.699981185025123,24.054834486364026,31.345127883686217,Proportion
1,4,c_overweight,5.477588637753184,3.6481773467357557,7.3069999287706136,Proportion
1,5,c_stunting,22.119592013324993,18.64229632930756,25.59688769734243,Proportion
1,5,c_underweight,21.317717671530286,17.938377852920397,24.697057490140175,Proportion
1,5,c_wasting,23.99422565060622,20.46298598965232,27.525465311560122,Proportion
1,5,c_overweight,8.565372867692414,6.1027463013621706,11.027999434022657,Proportion
1,6,c_stunting,19.785820612044173,16.648157377972655,22.923483846115687,Proportion
1,6,c_underweight,19.59959152057345,16.449966723403094,22.74921631774381,Proportion
1,6,c_wasting,24.017763854561714,20.58337547108647,27.452152238036952,Proportion
1,6,c_overweight,6.052413094097645,4.183595010321211,7.9212311778740805,Proportion
1,7,c_stunting,24.748105961917474,20.944646052843535,28.551565870991414,Proportion
1,7,c_underweight,18.42239124841942,15.125000348346374,21.719782148492467,Proportion
1,7,c_wasting,18.512962788410903,15.042671134482818,21.983254442338986,Proportion
1,7,c_overweight,5.819244455050248,3.7556154840079015,7.882873426092593,Proportion
1,8,c_stunting,24.380849201143086,20.41745897334222,28.344239428943947,Proportion
1,8,c_underweight,21.480255130600934,17.758025667285892,25.202484593915976,Proportion
1,8,c_wasting,17.568241854105846,14.172516996418,20.96396671179369,Proportion
1,8,c_overweight,4.591609885483602,2.8012305339647856,6.3819892370024185,Proportion
1,9,c_stunting,22.831237409291326,19.11292095077722,26.549553867805432,Proportion
1,9,c_underweight,25.943230896239257,22.072023164131675,29.81443862834684,Proportion
1,9,c_wasting,26.44835633409814,22.530990754357717,30.365721913838563,Proportion
1,9,c_overweight,3.9601623146721563,2.1719916603788305,5.748332968965482,Proportion
1,10,c_stunting,27.168839448348276,22.89507752107533,31.44260137562122,Proportion
1,10,c_underweight,19.740906171712496,16.027281486574665,23.45453085685033,Proportion
1,10,c_wasting,18.34264015421187,14.873614332529044,21.811665975894694,Proportion
1,10,c_overweight,4.107924500416414,2.388052165664081,5.827796835168746,Proportion
1,11,c_stunting,26.60746966366665,22.667005072187106,30.547934255146192,Proportion
1,11,c_underweight,24.61677279527372,20.656753393476624,28.576792197070823,Proportion
1,11,c_wasting,20.18810378239696,16.495738699549467,23.880468865244453,Proportion
1,11,c_overweight,4.665824975908314,2.678366257332886,6.653283694483742,Proportion
1,12,c_stunting,29.462291890343252,25.539475154086063,33.38510862660044,Proportion
1,12,c_underweight,23.59130481177971,20.196420188917934,26.98618943464149,Proportion
1,12,c_wasting,19.691739879574037,16.601673421229304,22.781806337918766,Proportion
1,12,c_overweight,2.6824964137326317,1.3686785257428853,3.9963143017223786,Proportion
1,13,c_stunting,30.91946075856795,27.241744569127942,34.59717694800796,Proportion
1,13,c_underweight,22.63509428806653,19.207492010211837,26.06269656592122,Proportion
1,13,c_wasting,20.794216327158427,17.509259044530317,24.079173609786537,Proportion
1,13,c_overweight,4.288921722264134,2.7233869845729437,5.8544564599553235,Proportion
1,14,c_stunting,34.19858224380846,30.01131743952683,38.385847048090085,Proportion
1,14,c_underweight,25.783978271979436,22.057533102560605,29.510423441398263,Proportion
1,14,c_wasting,20.105448346902456,16.568518852569976,23.642377841234932,Proportion
1,14,c_overweight,2.315503802626389,1.1548239510104574,3.4761836542423206,Proportion
1,15,c_stunting,36.011900248518145,31.889942147009908,40.13385835002639,Proportion
1,15,c_underweight,22.331059980779536,18.907973797328246,25.754146164230825,Proportion
1,15,c_wasting,19.802579421122317,16.560388315177477,23.04477052706716,Proportion
1,15,c_overweight,3.826325284818592,2.070327402821333,5.5823231668158515,Proportion
1,16,c_stunting,39.115864605556524,35.10630473742849,43.12542447368457,Proportion
1,16,c_underweight,23.904145162501738,20.487818445335044,27.320471879668435,Proportion
1,16,c_wasting,15.648954279708551,12.817572816004553,18.480335743412553,Proportion
1,16,c_overweight,3.7717431513923856,2.178601109071065,5.364885193713706,Proportion
1,17,c_stunting,38.33949264807868,34.310051870132234,42.36893342602513,Proportion
1,17,c_underweight,21.6329839181534,18.38461938997187,24.88134844633493,Proportion
1,17,c_wasting,16.02526705937786,13.059024641018866,18.991509477736855,Proportion
1,17,c_overweight,2.928130086030378,1.551426198743537,4.304833973317219,Proportion
1,18,c_stunting,42.15977304913464,37.91753645065158,46.402009647617696,Proportion
1,18,c_underweight,29.794636937724288,25.796893661585873,33.79238021386271,Proportion
1,18,c_wasting,17.382002455177584,13.825744641469162,20.938260268886005,Proportion
1,18,c_overweight,4.188208218635908,2.6994067882451964,5.67700964902662,Proportion
1,19,c_stunting,42.142146280832755,37.60910018888272,46.67519237278279,Proportion
1,19,c_underweight,27.53363385597171,23.531104670540003,31.53616304140342,Proportion
1,19,c_wasting,18.746172120027033,15.162992992630675,22.32935124742339,Proportion
1,19,c_overweight,3.2234269600071674,1.5303109266522439,4.916542993362091,Proportion
1,20,c_stunting,43.91943397975023,39.321226907569,48.51764105193146,Proportion
1,20,c_underweight,23.765543995994893,20.055919567075943,27.475168424913843,Proportion
1,20,c_wasting,16.0510462763806,12.81884565728565,19.283246895475553,Proportion
1,20,c_overweight,2.7009659426537604,0.7494291146939385,4.652502770613582,Proportion
1,21,c_stunting,38.69416404483547,33.933580832061985,43.45474725760895,Proportion
1,21,c_underweight,25.84763840240038,21.909430372738395,29.785846432062364,Proportion
1,21,c_wasting,16.25403516933454,12.859145443821069,19.64892489484801,Proportion
1,21,c_overweight,2.1548243685797894,0.9345207661172882,3.37512797104229,Proportion
1,22,c_stunting,46.416120315870394,41.77339253724617,51.05884809449462,Proportion
1,22,c_underweight,26.794791499602443,22.810585616550323,30.778997382654566,Proportion
1,22,c_wasting,17.339795507256603,13.81570292020831,20.863888094304897,Proportion
1,22,c_overweight,3.2734097061190965,1.7285601333589042,4.818259278879289,Proportion
1,23,c_stunting,44.95837197550983,40.3426782785961,49.57406567242355,Proportion
1,23,c_underweight,31.720259001057915,27.456280742661495,35.98423725945434,Proportion
1,23,c_wasting,17.027396516108265,13.629839659782725,20.424953372433805,Proportion
1,23,c_overweight,1.7748929635777226,0.7144692736310031,2.8353166535244423,Proportion
1,24,c_stunting,34.6952847406801,30.61599277637641,38.7745767049838,Proportion
1,24,c_underweight,27.904587437830163,24.04968783047001,31.759487045190316,Proportion
1,24,c_wasting,18.208104421581247,14.819199413312667,21.597009429849827,Proportion
1,24,c_overweight,1.8728973381025977,0.7474813425083258,2.9983133336968697,Proportion
1,25,c_stunting,36.59221536755518,32.5375005673388,40.646930167771544,Proportion
1,25,c_underweight,26.779510412281944,23.128886454701878,30.430134369862007,Proportion
1,25,c_wasting,20.070250906747344,16.603400869639934,23.537100943854757,Proportion
1,25,c_overweight,2.364125108646217,1.0969383322875157,3.6313118850049184,Proportion
1,26,c_stunting,35.47139657681199,31.312395227590446,39.63039792603354,Proportion
1,26,c_underweight,20.723493691941542,17.378121015209732,24.06886636867335,Proportion
1,26,c_wasting,16.446018868018484,13.290933187619574,19.601104548417396,Proportion
1,26,c_overweight,3.693221450268444,2.0298563197808814,5.356586580756007,Proportion
1,27,c_stunting,34.43923569444041,30.484292982059713,38.39417840682111,Proportion
1,27,c_underweight,25.931866064114807,22.303299314330282,29.56043281389933,Proportion
1,27,c_wasting,19.1695152887166,15.856146727452124,22.48288384998107,Proportion
1,27,c_overweight,2.1916135453137273,1.0938481074797481,3.289378983147707,Proportion
1,28,c_stunting,38.47836083789639,34.383201285154946,42.57352039063784,Proportion
1,28,c_underweight,26.762970128461816,23.168640414297002,30.357299842626627,Proportion
1,28,c_wasting,16.667161950096276,13.638149654750272,19.69617424544228,Proportion
1,28,c_overweight,1.5447523170205504,0.6626628600595007,2.4268417739816,Proportion
1,29,c_stunting,33.789390704467856,30.00736138137099,37.57142002756473,Proportion
1,29,c_underweight,26.10670889151282,22.573596313260346,29.639821469765295,Proportion
1,29,c_wasting,18.827840920391917,15.509908039199734,22.1457738015841,Proportion
1,29,c_overweight,2.526618362574815,1.4325848770643186,3.6206518480853114,Proportion
1,30,c_stunting,37.40273810680444,33.723338555151805,41.08213765845707,Proportion
1,30,c_underweight,27.30332592304505,23.843404721511146,30.763247124578964,Proportion
1,30,c_wasting,18.17939417073339,15.000346529564847,21.358441811901926,Proportion
1,30,c_overweight,2.770615703564636,1.40266278771214,4.138568619417131,Proportion
1,31,c_stunting,34.318083305001856,30.267530935531894,38.36863567447182,Proportion
1,31,c_underweight,30.43739493429451,26.377482115623184,34.49730775296583,Proportion
1,31,c_wasting,19.084628687583326,15.472926653497538,22.69633072166911,Proportion
1,31,c_overweight,3.4038978014540997,1.7953301275157392,5.012465475392461,Proportion
1,32,c_stunting,38.02036690834158,33.650020358347284,42.390713458335874,Proportion
1,32,c_underweight,26.628439184013956,22.606491632654308,30.65038673537361,Proportion
1,32,c_wasting,14.412496175515038,11.232023227825696,17.59296912320438,Proportion
1,32,c_overweight,2.571478815444997,0.8597458435865426,4.2832117873034505,Proportion
1,33,c_stunting,39.9539493430397,35.02979454398748,44.87810414209192,Proportion
1,33,c_underweight,30.056721669691903,25.614773576929945,34.498669762453865,Proportion
1,33,c_wasting,11.473374848306026,8.512033554119549,14.434716142492501,Proportion
1,33,c_overweight,2.4601097267953675,1.1716830743376379,3.748536379253097,Proportion
1,34,c_stunting,45.835429953228015,41.09222213550978,50.578637770946244,Proportion
1,34,c_underweight,33.42466751219077,28.680374341418492,38.168960682963046,Proportion
1,34,c_wasting,17.421901097610967,13.69407804171819,21.149724153503744,Proportion
1,34,c_overweight,1.74599720915561,0.6796842729340199,2.8123101453772,Proportion
1,35,c_stunting,43.20271355425963,38.8828769636562,47.52255014486306,Proportion
1,35,c_underweight,30.50372249885507,26.526761681216783,34.480683316493355,Proportion
1,35,c_wasting,15.762414240498297,12.505746679146409,19.01908180185018,Proportion
1,35,c_overweight,1.9848655706369456,0.743348080542776,3.2263830607311155,Proportion
1,36,c_stunting,38.88755955138941,34.33719327722664,43.43792582555217,Proportion
1,36,c_underweight,29.721717097960397,25.365290652227664,34.07814354369314,Proportion
1,36,c_wasting,13.445206391463527,10.530380801084522,16.360031981842532,Proportion
1,36,c_overweight,1.4475321846097087,0.5749991333288131,2.3200652358906044,Proportion
1,37,c_stunting,37.41789390814303,33.30438615086908,41.531401665416986,Proportion
1,37,c_underweight,26.941148040628548,23.063526109505343,30.818769971751752,Proportion
1,37,c_wasting,16.07580443212557,12.927730981716115,19.223877882535024,Proportion
1,37,c_overweight,2.3752557638583505,1.0563130474729814,3.694198480243719,Proportion
1,38,c_stunting,38.71184496711528,34.70112312732968,42.722566806900886,Proportion
1,38,c_underweight,26.043288137883064,22.429157960345847,29.65741831542028,Proportion
1,38,c_wasting,14.28862263559034,11.468023103888195,17.109222167292483,Proportion
1,38,c_overweight,2.5092577078629352,1.282396298640414,3.736119117085457,Proportion
1,39,c_stunting,38.07449584338399,34.03562712955742,42.113364557210566,Proportion
1,39,c_underweight,27.676516801225777,23.901659418180447,31.451374184271103,Proportion
1,39,c_wasting,12.78632833788174,9.939792201050675,15.632864474712802,Proportion
1,39,c_overweight,2.615066774883383,1.2507645136969978,3.9793690360697673,Proportion
1,40,c_stunting,36.60732856007156,32.64692730262451,40.5677298175186,Proportion
1,40,c_underweight,25.350416357030653,21.828216576897123,28.872616137164187,Proportion
1,40,c_wasting,15.007332826429835,11.824820340152396,18.18984531270727,Proportion
1,40,c_overweight,3.2989733397351695,1.7209032915749416,4.877043387895396,Proportion
1,41,c_stunting,39.13280128419573,35.211014833770314,43.054587734621144,Proportion
1,41,c_underweight,28.670819468905773,24.915902323765803,32.42573661404574,Proportion
1,41,c_wasting,12.552280910557034,9.799507328920141,15.305054492193928,Proportion
1,41,c_overweight,2.749383162576203,1.481068023223332,4.017698301929073,Proportion
1,42,c_stunting,40.6737598782443,36.75067627409859,44.59684348239001,Proportion
1,42,c_underweight,29.450858961875888,25.885490432022973,33.0162274917288,Proportion
1,42,c_wasting,15.586790493328277,12.506849840397374,18.666731146259178,Proportion
1,42,c_overweight,1.0914851216957444,0.36489410471980294,1.8180761386716857,Proportion
1,43,c_stunting,42.870315219874726,38.584772603171366,47.155857836578086,Proportion
1,43,c_underweight,31.611941907350783,27.704912719667295,35.51897109503427,Proportion
1,43,c_wasting,12.004056231230601,9.441913403652212,14.56619905880899,Proportion
1,43,c_overweight,3.014058536122911,1.6885490347151693,4.339568037530653,Proportion
1,44,c_stunting,40.79854005143333,36.46993741395071,45.12714268891595,Proportion
1,44,c_underweight,28.96317510143093,24.893972738815464,33.032377464046405,Proportion
1,44,c_wasting,14.260606243357737,11.109231958693446,17.41198052802203,Proportion
1,44,c_overweight,2.9801241838601884,1.4794593126627569,4.4807890550576195,Proportion
1,45,c_stunting,40.25606362893524,35.99523806645904,44.51688919141144,Proportion
1,45,c_underweight,31.97673746905773,28.044368033953482,35.90910690416198,Proportion
1,45,c_wasting,12.752915031444356,9.938823456524196,15.567006606364517,Proportion
1,45,c_overweight,2.9870045754848147,1.5897169796589166,4.384292171310713,Proportion
1,46,c_stunting,40.946084237827876,36.45907158085052,45.43309689480524,Proportion
1,46,c_underweight,31.304066958880128,27.14074489026493,35.46738902749533,Proportion
1,46,c_wasting,13.885077246075909,10.903151346243089,16.867003145908726,Proportion
1,46,c_overweight,1.561847260852645,0.5416658986903593,2.5820286230149305,Proportion
1,47,c_stunting,42.71685375218354,38.50313230394633,46.930575200420755,Proportion
1,47,c_underweight,32.79218201903381,28.8948531564876,36.68951088158002,Proportion
1,47,c_wasting,15.341548881634104,12.298270123270354,18.38482763999785,Proportion
1,47,c_overweight,2.9511403585554308,1.6334405344349416,4.268840182675921,Proportion
1,48,c_stunting,36.787782175691305,32.71841023357887,40.857154117803745,Proportion
1,48,c_underweight,30.82676398766723,26.895140721789794,34.75838725354467,Proportion
1,48,c_wasting,14.639174755131956,11.629909976869385,17.648439533394527,Proportion
1,48,c_overweight,2.1742355016647865,1.0585701840989477,3.2899008192306254,Proportion
1,49,c_stunting,32.556325160628134,28.62948119420281,36.48316912705346,Proportion
1,49,c_underweight,28.067298933309303,24.25077139282987,31.88382647378874,Proportion
1,49,c_wasting,17.666931541320242,14.51116885035033,20.82269423229015,Proportion
1,49,c_overweight,3.000429654440336,1.6523397960063129,4.3485195128743594,Proportion
1,50,c_stunting,34.318797101477685,30.33734887974485,38.300245323210525,Proportion
1,50,c_underweight,27.584089681598723,23.682176185969467,31.48600317722798,Proportion
1,50,c_wasting,14.003690803194639,10.84506995641695,17.162311649972324,Proportion
1,50,c_overweight,2.860270833424936,1.5780325025710833,4.142509164278789,Proportion
1,51,c_stunting,36.2147706810478,32.21761594765016,40.211925414445446,Proportion
1,51,c_underweight,28.90881985147839,25.042641538047484,32.7749981649093,Proportion
1,51,c_wasting,13.372295854567826,10.340360109327303,16.404231599808348,Proportion
1,51,c_overweight,3.1433567396121997,1.7712350209352739,4.515478458289126,Proportion
1,52,c_stunting,33.808522058293995,29.921615182436966,37.69542893415102,Proportion
1,52,c_underweight,28.22880275034955,24.590429340378112,31.86717616032099,Proportion
1,52,c_wasting,12.62069691721878,9.845986588401233,15.395407246036324,Proportion
1,52,c_overweight,2.2881726242260316,1.0797794602853228,3.496565788166741,Proportion
1,53,c_stunting,37.26766449604844,33.52628712281648,41.009041869280395,Proportion
1,53,c_underweight,30.257128116371216,26.7822456543654,33.732010578377036,Proportion
1,53,c_wasting,14.087472376157168,11.296701816809607,16.87824293550473,Proportion
1,53,c_overweight,2.1736290670493057,0.9729358076764949,3.3743223264221167,Proportion
1,54,c_stunting,36.63039880082171,32.93858264973996,40.322214951903455,Proportion
1,54,c_underweight,29.397183277130086,25.93497263198597,32.8593939222742,Proportion
1,54,c_wasting,14.576274445326417,11.823227806284558,17.329321084368278,Proportion
1,54,c_overweight,3.154336290411466,1.770215715772895,4.538456865050036,Proportion
1,55,c_stunting,35.00911244484585,31.07819180034408,38.940033089347615,Proportion
1,55,c_underweight,30.34610498936427,26.542638259022432,34.14957171970611,Proportion
1,55,c_wasting,14.728582016039123,11.914591575855704,17.542572456222544,Proportion
1,55,c_overweight,2.1848206623687574,1.033250629726353,3.3363906950111613,Proportion
1,56,c_stunting,40.53107861585302,36.33992733858302,44.722229893123014,Proportion
1,56,c_underweight,32.04862055889672,28.128929512386954,35.96831160540649,Proportion
1,56,c_wasting,15.509469645439983,12.479101372702441,18.539837918177525,Proportion
1,56,c_overweight,1.936004641073507,0.9297019759994181,2.9423073061475957,Proportion
1,57,c_stunting,40.8491733994953,36.64350517652959,45.05484162246101,Proportion
1,57,c_underweight,30.18423895614651,26.266585463072712,34.10189244922031,Proportion
1,57,c_wasting,10.274482792181256,7.734103699632374,12.814861884730139,Proportion
1,57,c_overweight,2.3648049648087874,1.2255350697809315,3.504074859836643,Proportion
1,58,c_stunting,42.84075298657957,38.493858755059485,47.18764721809965,Proportion
1,58,c_underweight,39.61446554167009,35.28374438000943,43.945186703330755,Proportion
1,58,c_wasting,16.553166383952657,13.214038396523156,19.892294371382153,Proportion
1,58,c_overweight,2.8838980079685697,1.4445132295152956,4.323282786421843,Proportion
1,59,c_stunting,44.36594613185012,40.2297416773034,48.50215058639684,Proportion
1,59,c_underweight,37.575213380247334,33.64293353199779,41.50749322849688,Proportion
1,59,c_wasting,14.365583838660609,11.570843619055212,17.160324058266006,Proportion
1,59,c_overweight,2.238116899810728,1.0396568259955676,3.4365769736258884,Proportion
2,0,c_stunting,25.848966381058048,19.187395788400885,32.51053697371521,Proportion
2,0,c_underweight,24.3220292234953,17.594866724458925,31.049191722531678,Proportion
2,0,c_wasting,29.649933381443322,24.831135211938154,34.46873155094849,Proportion
2,0,c_overweight,6.121287258204073,4.115284214139179,8.127290302268966,Proportion
2,1,c_stunting,27.891882991589224,24.175764306933026,31.608001676245422,Proportion
2,1,c_underweight,29.490941889230537,24.209120876500346,34.77276290196073,Proportion
2,1,c_wasting,29.945449525097096,24.605994201307954,35.284904848886235,Proportion
2,1,c_overweight,9.343169329717881,7.196353955929538,11.489984703506224,Proportion
2,2,c_stunting,26.659851258182947,23.433759745292466,29.88594277107343,Proportion
2,2,c_underweight,29.370049095469554,26.017674931043562,32.72242325989554,Proportion
2,2,c_wasting,25.269197982877213,22.103476939789797,28.43491902596463,Proportion
2,2,c_overweight,10.203272930656851,7.847539365920062,12.559006495393641,Proportion
2,3,c_stunting,21.613895256165783,18.74668151721099,24.481108995120575,Proportion
2,3,c_underweight,26.732745754666297,23.739198197859814,29.726293311472784,Proportion
2,3,c_wasting,25.411090229468563,22.339177633732476,28.48300282520465,Proportion
2,3,c_overweight,6.3697244088092075,4.69321553875894,8.046233278859475,Proportion
2,4,c_stunting,20.16582831175232,17.35137854280606,22.98027808069858,Proportion
2,4,c_underweight,24.738744297406097,21.766626814008788,27.710861780803402,Proportion
2,4,c_wasting,25.09626363789272,22.136453703948817,28.05607357183662,Proportion
2,4,c_overweight,4.465760395312017,3.061198585835503,5.870322204788532,Proportion
2,5,c_stunting,18.580861798367568,15.687088602186241,21.474634994548893,Proportion
2,5,c_underweight,23.78187262742888,20.526136294852893,27.037608960004867,Proportion
2,5,c_wasting,26.379132068674068,22.974022854222593,29.78424128312554,Proportion
2,5,c_overweight,2.940963892623785,1.9075772985412778,3.974350486706293,Proportion
2,6,c_stunting,20.61841812497767,17.51618434858137,23.72065190137397,Proportion
2,6,c_underweight,18.810350981570068,16.05215483640449,21.568547126735645,Proportion
2,6,c_wasting,22.316768388203855,19.12883932852126,25.50469744788645,Proportion
2,6,c_overweight,3.9887095394138794,2.44695983952275,5.530459239305009,Proportion
2,7,c_stunting,20.980291351050877,17.814217172054867,24.146365530046882,Proportion
2,7,c_underweight,23.13994075387731,19.318355769162544,26.961525738592073,Proportion
2,7,c_wasting,19.67994706195551,16.090977419581055,23.268916704329968,Proportion
2,7,c_overweight,4.1937442055470395,2.764115552101229,5.623372858992851,Proportion
2,8,c_stunting,24.4132125269581,20.651045989701764,28.17537906421444,Proportion
2,8,c_underweight,21.779966299229468,18.217416238375534,25.3425163600834,Proportion
2,8,c_wasting,23.677054783832254,20.02979963405231,27.324309933612202,Proportion
2,8,c_overweight,3.5817655006384888,2.035175239367497,5.128355761909481,Proportion
2,9,c_stunting,23.081569540894332,19.60509446519676,26.558044616591904,Proportion
2,9,c_underweight,22.46906293612101,19.059837009151455,25.878288863090564,Proportion
2,9,c_wasting,19.63208457746959,16.374769729970826,22.889399424968357,Proportion
2,9,c_overweight,3.13080030012269,1.5669356689938538,4.694664931251526,Proportion
2,10,c_stunting,23.004100448856285,19.471126403329215,26.537074494383354,Proportion
2,10,c_underweight,21.162909856054956,17.733873397111577,24.591946314998335,Proportion
2,10,c_wasting,20.555305823475063,17.067251766751706,24.043359880198416,Proportion
2,10,c_overweight,3.9250787262965416,2.592991500799519,5.2571659517935645,Proportion
2,11,c_stunting,27.567062077731602,23.969206304721965,31.16491785074124,Proportion
2,11,c_underweight,26.009384227575772,22.48619112648912,29.532577328662423,Proportion
2,11,c_wasting,19.3023714235113,16.248851632788874,22.355891214233726,Proportion
2,11,c_overweight,3.4168545022052763,2.0523571991376928,4.78135180527286,Proportion
2,12,c_stunting,27.220464850271874,23.907591747444044,30.533337953099704,Proportion
2,12,c_underweight,25.58749695181658,22.088269834403523,29.086724069229636,Proportion
2,12,c_wasting,20.387464464697477,17.086440954074515,23.68848797532044,Proportion
2,12,c_overweight,2.6098108810122143,1.4659092038367416,3.7537125581876865,Proportion
2,13,c_stunting,31.92233907911065,28.495023153997796,35.34965500422351,Proportion
2,13,c_underweight,23.79590944459323,20.510754896590004,27.081063992596466,Proportion
2,13,c_wasting,15.544243733743007,12.783062806075375,18.30542466141064,Proportion
2,13,c_overweight,2.626048913994005,1.318871077755667,3.933226750232343,Proportion
2,14,c_stunting,33.904164048128926,30.389099891919834,37.41922820433802,Proportion
2,14,c_underweight,24.397578154024355,21.292454403431847,27.502701904616867,Proportion
2,14,c_wasting,16.972925923571722,14.206720680214238,19.739131166929205,Proportion
2,14,c_overweight,2.8472350092857925,1.6106328926151179,4.083837125956467,Proportion
2,15,c_stunting,35.02602142942788,31.494755819287114,38.55728703956864,Proportion
2,15,c_underweight,24.32232026640507,21.334540132745264,27.310100400064886,Proportion
2,15,c_wasting,17.559139771508995,15.044571134748102,20.07370840826989,Proportion
2,15,c_overweight,1.5918941726424247,0.6908081837006876,2.4929801615841614,Proportion
2,16,c_stunting,36.61048385051409,33.08364014241826,40.137327558609925,Proportion
2,16,c_underweight,25.855463802052135,22.70415710970048,29.006770494403796,Proportion
2,16,c_wasting,16.379673924390527,13.668662443481812,19.090685405299244,Proportion
2,16,c_overweight,1.480410688008745,0.7668043652817783,2.194017010735712,Proportion
2,17,c_stunting,42.10533904196602,38.01767352165965,46.19300456227239,Proportion
2,17,c_underweight,27.135200964613578,23.73017034308316,30.540231586143996,Proportion
2,17,c_wasting,16.59092742991358,13.893496357200341,19.288358502626817,Proportion
2,17,c_overweight,2.336450365925294,1.154465151674919,3.5184355801756695,Proportion
2,18,c_stunting,38.132083410953136,34.14683496901859,42.11733185288769,Proportion
2,18,c_underweight,26.292317569575964,22.91350103390623,29.671134105245695,Proportion
2,18,c_wasting,16.976368342981754,14.256289749591854,19.696446936371654,Proportion
2,18,c_overweight,2.3352649888965358,1.3194159980103992,3.3511139797826717,Proportion
2,19,c_stunting,47.104871331625745,43.12834684079224,51.08139582245925,Proportion
2,19,c_underweight,29.313567288515625,25.77028601633814,32.85684856069311,Proportion
2,19,c_wasting,14.147091753262856,11.611837509462594,16.682345997063116,Proportion
2,19,c_overweight,2.353138245196912,1.129252466155229,3.5770240242385944,Proportion
2,20,c_stunting,38.371804581302754,34.42172852479515,42.32188063781036,Proportion
2,20,c_underweight,27.29549558425312,23.80105396429241,30.789937204213828,Proportion
2,20,c_wasting,15.477907509422078,12.706411674325041,18.249403344519116,Proportion
2,20,c_overweight,2.217988908678168,1.1650427344038403,3.270935082952496,Proportion
2,21,c_stunting,47.54388108148177,43.44323187196588,51.64453029099766,Proportion
2,21,c_underweight,33.3749769373734,29.493389795345387,37.25656407940141,Proportion
2,21,c_wasting,13.571634176616284,10.901781357809103,16.241486995423468,Proportion
2,21,c_overweight,2.5667951446631596,1.0405372404428153,4.093053048883504,Proportion
2,22,c_stunting,42.80639071229291,38.886885123453894,46.72589630113192,Proportion
2,22,c_underweight,32.63657591629136,28.85697517546732,36.416176657115415,Proportion
2,22,c_wasting,19.09579966212121,15.781366938255387,22.410232385987033,Proportion
2,22,c_overweight,2.0333596679291577,0.7982633026457137,3.2684560332126016,Proportion
2,23,c_stunting,43.95013397965754,39.87198463723312,48.02828332208195,Proportion
2,23,c_underweight,32.29534737542484,28.60298364240953,35.987711108440145,Proportion
2,23,c_wasting,14.806224566907467,12.01025472369511,17.60219441011982,Proportion
2,23,c_overweight,3.2174541941540853,0.4201229907665239,6.014785397541647,Proportion
2,24,c_stunting,34.8694296085991,30.983703163831088,38.7551560533671,Proportion
2,24,c_underweight,26.513099643104216,23.110843185802548,29.915356100405884,Proportion
2,24,c_wasting,18.54701700339958,15.63693266447586,21.4571013423233,Proportion
2,24,c_overweight,2.0469056433225608,1.0271899433490101,3.066621343296111,Proportion
2,25,c_stunting,34.73695717368043,31.216944946498593,38.256969400862275,Proportion
2,25,c_underweight,26.94962255791203,23.76333584351213,30.135909272311928,Proportion
2,25,c_wasting,16.482218734835126,13.78433078491486,19.180106684755394,Proportion
2,25,c_overweight,2.1675290694842224,1.1892755739056655,3.1457825650627798,Proportion
2,26,c_stunting,33.74596070095672,30.327420040102638,37.16450136181081,Proportion
2,26,c_underweight,26.87128654930721,23.644625970962977,30.09794712765144,Proportion
2,26,c_wasting,15.469945415393937,12.824579087849253,18.115311742938623,Proportion
2,26,c_overweight,1.2702962449470054,0.5800102112268416,1.9605822786671694,Proportion
2,27,c_stunting,37.35794633072457,33.56063489054959,41.15525777089955,Proportion
2,27,c_underweight,28.487846034939214,25.116080493282723,31.859611576595704,Proportion
2,27,c_wasting,15.066364672396176,12.448357154640235,17.684372190152118,Proportion
2,27,c_overweight,1.4104291367253627,0.6241657859677449,2.1966924874829807,Proportion
2,28,c_stunting,34.668479485748414,31.25832793012356,38.078631041373264,Proportion
2,28,c_underweight,28.70276683837633,25.505931158382396,31.89960251837027,Proportion
2,28,c_wasting,15.114722655828903,12.57152432167038,17.657920989987424,Proportion
2,28,c_overweight,2.3807210413249207,1.163110235161021,3.5983318474888204,Proportion
2,29,c_stunting,35.33392733290196,31.912997290562316,38.75485737524159,Proportion
2,29,c_underweight,28.535823340440725,25.267245033448653,31.804401647432794,Proportion
2,29,c_wasting,14.61840592386691,12.013967906843963,17.222843940889852,Proportion
2,29,c_overweight,0.6936860988882503,0.227624471828665,1.1597477259478355,Proportion
2,30,c_stunting,36.672310424247826,32.979381374386236,40.36523947410942,Proportion
2,30,c_underweight,28.608099779848313,25.221496173307106,31.994703386389517,Proportion
2,30,c_wasting,13.315965721904629,10.906703641759794,15.725227802049464,Proportion
2,30,c_overweight,1.7381432589524966,0.7092806003279596,2.7670059175770336,Proportion
2,31,c_stunting,38.628154252989006,34.85620309602871,42.400105409949305,Proportion
2,31,c_underweight,29.00571215581379,25.46114473442078,32.550279577206794,Proportion
2,31,c_wasting,12.397421359609266,9.91963928226571,14.875203436952821,Proportion
2,31,c_overweight,1.4452284861817108,0.3205267076009226,2.569930264762499,Proportion
2,32,c_stunting,40.21574050995207,36.27611337786915,44.15536764203499,Proportion
2,32,c_underweight,31.223287537005774,27.769377489984276,34.67719758402727,Proportion
2,32,c_wasting,15.924951559063445,13.0505965400613,18.79930657806559,Proportion
2,32,c_overweight,1.8675248688937878,0.939713564211921,2.7953361735756546,Proportion
2,33,c_stunting,44.67649687702683,40.7055019415148,48.64749181253886,Proportion
2,33,c_underweight,37.41396822686715,33.53469590747296,41.293240546261345,Proportion
2,33,c_wasting,16.527941609070794,13.521841507976509,19.534041710165077,Proportion
2,33,c_overweight,1.6096850509678418,0.7065900079468513,2.512780093988832,Proportion
2,34,c_stunting,43.50921257842321,39.651867391728544,47.366557765117875,Proportion
2,34,c_underweight,33.1149081326341,29.35573794295322,36.874078322314986,Proportion
2,34,c_wasting,14.204299169591472,11.412757082654318,16.995841256528628,Proportion
2,34,c_overweight,1.474838429221532,0.5317025094349344,2.4179743490081296,Proportion
2,35,c_stunting,43.967496559431446,40.00668115997749,47.9283119588854,Proportion
2,35,c_underweight,35.35916590755712,31.60666980045537,39.11166201465887,Proportion
2,35,c_wasting,16.22800608534635,13.330694816749853,19.125317353942847,Proportion
2,35,c_overweight,2.4657585683807675,1.2728811239678994,3.6586360127936355,Proportion
2,36,c_stunting,39.735062784910895,35.93393740984167,43.53618815998012,Proportion
2,36,c_underweight,28.87608358653454,25.484071630177652,32.26809554289143,Proportion
2,36,c_wasting,14.01143963436696,11.28462996038247,16.73824930835145,Proportion
2,36,c_overweight,2.414256777328333,1.1778698602547972,3.6506436944018685,Proportion
2,37,c_stunting,34.498874432000875,30.746444430908838,38.25130443309291,Proportion
2,37,c_underweight,28.601780336941356,25.0976373288711,32.10592334501161,Proportion
2,37,c_wasting,13.750643852298538,11.169244008357653,16.332043696239424,Proportion
2,37,c_overweight,2.1265656639337243,1.0435893628698438,3.2095419649976047,Proportion
2,38,c_stunting,39.52837901595435,35.99984266672402,43.05691536518468,Proportion
2,38,c_underweight,28.33753818852886,25.095959419139604,31.579116957918117,Proportion
2,38,c_wasting,11.095112186113951,8.933431447654955,13.256792924572947,Proportion
2,38,c_overweight,2.660498734336855,1.3797113305371442,3.9412861381365656,Proportion
2,39,c_stunting,38.33938347551276,34.802997578597434,41.87576937242809,Proportion
2,39,c_underweight,27.153211420389383,23.909126254574193,30.397296586204575,Proportion
2,39,c_wasting,12.97140182133585,10.54781999791179,15.394983644759908,Proportion
2,39,c_overweight,1.5144930107167567,0.8780582588003433,2.15092776263317,Proportion
2,40,c_stunting,36.36432716059731,32.72416168578628,40.00449263540834,Proportion
2,40,c_underweight,27.34250186167856,23.861017947940528,30.823985775416592,Proportion
2,40,c_wasting,11.616631459141871,9.00360182251465,14.229661095769092,Proportion
2,40,c_overweight,2.3303902479093845,1.1083180604353253,3.5524624353834438,Proportion
2,41,c_stunting,38.48607303936454,35.000689615407566,41.97145646332152,Proportion
2,41,c_underweight,30.879012135461608,27.53090486028111,34.2271194106421,Proportion
2,41,c_wasting,13.145415653683331,10.773120377760991,15.517710929605673,Proportion
2,41,c_overweight,2.0527695997659685,0.8369327648844657,3.268606434647472,Proportion
2,42,c_stunting,38.49981417168238,34.864569104667645,42.13505923869712,Proportion
2,42,c_underweight,32.663810385235884,29.235771546249318,36.09184922422246,Proportion
2,42,c_wasting,12.613020530333522,10.296589535319006,14.929451525348036,Proportion
2,42,c_overweight,1.9790493619437397,1.0780508015351835,2.8800479223522957,Proportion
2,43,c_stunting,36.492685675439134,32.91146298059877,40.0739083702795,Proportion
2,43,c_underweight,33.25863031294312,29.773101755694853,36.74415887019139,Proportion
2,43,c_wasting,14.196201372981895,11.525814532648852,16.86658821331494,Proportion
2,43,c_overweight,1.2516115219881683,0.4727351215304311,2.030487922445906,Proportion
2,44,c_stunting,39.022445360052004,35.00059755484962,43.04429316525439,Proportion
2,44,c_underweight,31.83804092450533,27.978851801462636,35.697230047548025,Proportion
2,44,c_wasting,14.132858567292935,11.271534221057241,16.99418291352863,Proportion
2,44,c_overweight,3.0796410485486385,1.2046069726362847,4.954675124460993,Proportion
2,45,c_stunting,38.813834510280124,34.640038434444556,42.987630586115685,Proportion
2,45,c_underweight,29.06774858579149,25.40152827894086,32.733968892642125,Proportion
2,45,c_wasting,12.387921550986796,9.671915295360243,15.10392780661335,Proportion
2,45,c_overweight,3.415283971710179,1.706572860730197,5.123995082690161,Proportion
2,46,c_stunting,45.41153113150478,41.19041311047288,49.63264915253668,Proportion
2,46,c_underweight,37.46959374223828,33.24430251586452,41.69488496861205,Proportion
2,46,c_wasting,16.72093924712318,13.435313048327908,20.00656544591845,Proportion
2,46,c_overweight,2.2509264606655917,1.2305853201520442,3.271267601179139,Proportion
2,47,c_stunting,39.21435388258914,35.192919363313166,43.23578840186511,Proportion
2,47,c_underweight,31.960543345040705,28.109611208142876,35.81147548193853,Proportion
2,47,c_wasting,13.783931918657599,10.930478023688563,16.637385813626636,Proportion
2,47,c_overweight,2.1731883170516926,0.7701888465893486,3.576187787514036,Proportion
2,48,c_stunting,36.690066917744325,32.906620348112234,40.47351348737641,Proportion
2,48,c_underweight,30.898569335589443,27.364113505389454,34.43302516578943,Proportion
2,48,c_wasting,11.616400721407185,9.251136527316591,13.981664915497777,Proportion
2,48,c_overweight,1.935464471738234,0.717134097943431,3.1537948455330373,Proportion
2,49,c_stunting,32.901527397192154,29.44955225946837,36.35350253491594,Proportion
2,49,c_underweight,27.275428819471852,23.94344017300447,30.607417465939236,Proportion
2,49,c_wasting,12.221911092954171,9.733698414802083,14.71012377110626,Proportion
2,49,c_overweight,2.3176946677752372,1.3736104600505963,3.261778875499878,Proportion
2,50,c_stunting,26.4931877425592,23.305718632690397,29.680656852428,Proportion
2,50,c_underweight,25.13173675355582,21.990383104031487,28.273090403080158,Proportion
2,50,c_wasting,13.238516215827193,10.812368220578476,15.66466421107591,Proportion
2,50,c_overweight,1.2076515903467857,0.4698035761347814,1.94549960455879,Proportion
2,51,c_stunting,28.961666493374853,25.60020788617468,32.32312510057503,Proportion
2,51,c_underweight,27.211118922045497,23.85087566862599,30.571362175465005,Proportion
2,51,c_wasting,13.291293622830286,10.760888922710713,15.821698322949858,Proportion
2,51,c_overweight,2.4504483420265286,1.1661498359476103,3.7347468481054467,Proportion
2,52,c_stunting,32.16660475945828,28.75582261616443,35.57738690275213,Proportion
2,52,c_underweight,26.51974390339868,23.252168905249615,29.787318901547742,Proportion
2,52,c_wasting,11.39466473648907,9.324754369662946,13.464575103315193,Proportion
2,52,c_overweight,2.160913347447649,0.8518613160486851,3.469965378846614,Proportion
2,53,c_stunting,29.705683964136803,26.30955499861716,33.10181292965645,Proportion
2,53,c_underweight,28.328130883084167,25.22698091597993,31.429280850188405,Proportion
2,53,c_wasting,11.470888038958751,9.24802122386375,13.693754854053752,Proportion
2,53,c_overweight,1.8222828821157087,0.8729755805028864,2.7715901837285313,Proportion
2,54,c_stunting,29.754054863649433,26.355482495773618,33.152627231525244,Proportion
2,54,c_underweight,28.746870436326837,25.48179957189829,32.01194130075539,Proportion
2,54,c_wasting,14.834569704032335,12.31933477731266,17.34980463075201,Proportion
2,54,c_overweight,1.8466940456765197,0.8551491599296135,2.838238931423426,Proportion
2,55,c_stunting,34.522775835026145,30.875844169807216,38.16970750024507,Proportion
2,55,c_underweight,28.790416734561337,25.331846369572176,32.2489870995505,Proportion
2,55,c_wasting,12.753572358107165,10.439597566804991,15.067547149409338,Proportion
2,55,c_overweight,1.8624958786786359,0.9334198373564531,2.791571920000819,Proportion
2,56,c_stunting,33.92003387241724,30.05547412165157,37.784593623182914,Proportion
2,56,c_underweight,32.33312286549527,28.616844516792078,36.049401214198454,Proportion
2,56,c_wasting,14.245519293757274,11.30730946032415,17.1837291271904,Proportion
2,56,c_overweight,1.6261752855876697,0.5536024896059135,2.6987480815694256,Proportion
2,57,c_stunting,36.833567280691334,33.242635158843235,40.424499402539425,Proportion
2,57,c_underweight,32.7893337796629,29.28578634831706,36.292881211008726,Proportion
2,57,c_wasting,12.661828929502237,10.200300159677077,15.123357699327395,Proportion
2,57,c_overweight,0.8061442465109221,0.1445724572309971,1.467716035790847,Proportion
2,58,c_stunting,34.09085673907813,30.568085243285815,37.61362823487045,Proportion
2,58,c_underweight,30.31202095277153,26.84485149498738,33.77919041055568,Proportion
2,58,c_wasting,13.811931900039475,11.191170697293257,16.43269310278569,Proportion
2,58,c_overweight,2.0941748659548916,1.00665355324601,3.181696178663773,Proportion
2,59,c_stunting,39.276638993649534,35.004758697354646,43.54851928994442,Proportion
2,59,c_underweight,35.73690664744223,30.80408766957097,40.669725625313504,Proportion
2,59,c_wasting,16.361223662741622,11.224716901333695,21.497730424149548,Proportion
2,59,c_overweight,2.729955405530766,1.4249219884625308,4.034988822599002,Proportion
